{
    "char_alignments": [
        {
            "end": 0.6497777777777777,
            "label": "o",
            "score": 0.9999776681264242,
            "start": 0.5888611111111111
        },
        {
            "end": 0.7106944444444444,
            "label": "n",
            "score": 0.9999442100524902,
            "start": 0.6497777777777777
        },
        {
            "end": 0.731,
            "label": "e",
            "score": 0.9999799728393555,
            "start": 0.7106944444444444
        }
    ],
    "n_audio_samples": 23392,
    "n_model_frames": 72,
    "sampling_rate": 16000,
    "word_alignments": [
        {
            "end": 0.731,
            "label": "one",
            "score": 0.9999636581965855,
            "start": 0.5888611111111111
        }
    ]
}