{
    "char_alignments": [
        {
            "end": 0.40611111111111114,
            "label": "t",
            "score": 0.9999953210353851,
            "start": 0.32488888888888884
        },
        {
            "end": 0.5076388888888889,
            "label": "w",
            "score": 0.9997191905975342,
            "start": 0.40611111111111114
        },
        {
            "end": 0.5279444444444444,
            "label": "o",
            "score": 0.9999598264694214,
            "start": 0.5076388888888889
        }
    ],
    "n_audio_samples": 23392,
    "n_model_frames": 72,
    "sampling_rate": 16000,
    "word_alignments": [
        {
            "end": 0.5279444444444444,
            "label": "two",
            "score": 0.9998537063598633,
            "start": 0.32488888888888884
        }
    ]
}